id,name,author,publishTime,file
2074741706204991490,设计编辑,PJHboom,2026-10-06T02:28:11.000+00:00,设计编辑_2074741706204991490.json
2077040370852130818,qwen3反推Krea2洗图重绘去除Ai感+SeedVR放大,皮神,2026-10-01T14:05:20.000+00:00,qwen3反推Krea2洗图重绘去除Ai感+SeedVR放大_2077040370852130818.json
2079400178087452673,通用放大终版（改变较大）,MMMRK,2026-09-28T12:03:50.000+00:00,通用放大终版（改变较大）_2079400178087452673.json
2088987931473170433,小说剧本转标准JSON预处理剧本+搭配全栈式短剧生成V4.2.1使用,why_not_you（达人带货卡点换装转场女装工作流版）,2026-09-30T01:30:24.000+00:00,小说剧本转标准JSON预处理剧本+搭配全栈式短剧生成V4.2.1使用_2088987931473170433.json
2094050032105385985,Krea2三采修复+控制模型参考_int8（拒绝Turbo脸&三高清自选）,鳌拜拜丿AllBuy,2026-10-02T12:20:25.000+00:00,Krea2三采修复+控制模型参考_int8（拒绝Turbo脸&三高清自选）_2094050032105385985.json
2097990442091638786,Minimax_H3_Best_Fast,起风了,2026-09-27T12:00:48.000+00:00,Minimax_H3_Best_Fast_2097990442091638786.json
2098218264106201090,全能图片 G-Image-2.5 Flare｜轻量快速版｜文生图+图生图(图片编辑),设计先生Mr.XU,2026-09-30T08:03:52.000+00:00,全能图片 G-Image-2.5 Flare｜轻量快速版｜文生图+图生图(图片编辑)_2098218264106201090.json
2098237558626017281,全能图片 全能图片G-Image-2.5 Sunburst｜高精旗舰版｜文生图+图生图(图片编辑),设计先生Mr.XU,2026-09-30T08:03:37.000+00:00,全能图片 全能图片G-Image-2.5 Sunburst｜高精旗舰版｜文生图+图生图(图片编辑)_2098237558626017281.json
2099322829899649026,无损放大（产品专用）,MMMRK,2026-09-28T10:29:47.000+00:00,无损放大（产品专用）_2099322829899649026.json
2102401855983808514,Qwen Image 2.1 PE 文生图,CommintAI ,2026-09-26T07:39:56.000+00:00,Qwen Image 2.1 PE 文生图_2102401855983808514.json
2102673366527336449,换光线\光影迁移\反向打光\图二基底\Image2.5,why_not_you（达人带货卡点换装转场女装工作流版）,2026-09-27T12:41:11.000+00:00,换光线_光影迁移_反向打光_图二基底_Image2.5_2102673366527336449.json
2102673422240276482,换光线\光影迁移\重打光\氛围光\Image2.5,why_not_you（达人带货卡点换装转场女装工作流版）,2026-09-27T12:40:00.000+00:00,换光线_光影迁移_重打光_氛围光_Image2.5_2102673422240276482.json
2102973030447271937,老虎雪山\动物入景\奔跑场景\野生动物\Image2.5,why_not_you（达人带货卡点换装转场女装工作流版）,2026-09-27T12:38:49.000+00:00,老虎雪山_动物入景_奔跑场景_野生动物_Image2.5_2102973030447271937.json
2103193262772285441,通用设计编辑助理，文生图反推提示词图生图多合一工作流,user_pxesg3uy,2026-09-24T18:45:24.000+00:00,通用设计编辑助理，文生图反推提示词图生图多合一工作流_2103193262772285441.json
2103219635977015297,Qwen Image 2.1全能图像二合一加提示增强，文生图多图编辑自由切换,user_p4pxy8x5,2026-09-24T20:29:54.000+00:00,Qwen Image 2.1全能图像二合一加提示增强，文生图多图编辑自由切换_2103219635977015297.json
2103270694288183297,Qwen Image 2.1 文生、图像编辑一体化,孤海AI,2026-10-02T02:32:40.000+00:00,Qwen Image 2.1 文生、图像编辑一体化_2103270694288183297.json
2103398363587764226,千问image2.1图像编辑 全自动提示词（优化）,灵犀AI,2026-09-26T07:20:53.000+00:00,千问image2.1图像编辑 全自动提示词（优化）_2103398363587764226.json
2103413517125771266,Qwen image 2.1 图片编辑工作流（官方高质量版） ,AIGC特异点,2026-09-25T10:38:21.000+00:00,Qwen image 2.1 图片编辑工作流（官方高质量版）_2103413517125771266.json
2103497645263249410,Qwen+image+2.1图片编辑(提示词增强）,user_m6vzptcy,2026-10-02T15:08:35.000+00:00,Qwen+image+2.1图片编辑(提示词增强）_2103497645263249410.json
2103517980582834177,Qwen image 2.1图像编辑(8)4步加速版,南宫羽乘,2026-09-25T16:30:46.000+00:00,Qwen image 2.1图像编辑(8)4步加速版_2103517980582834177.json
2103567391509794817,Krea2局部重绘PS版本，风格化反推提示词图生图精准区域编辑工具,user_p4pxy8x5,2026-09-25T19:31:46.000+00:00,Krea2局部重绘PS版本，风格化反推提示词图生图精准区域编辑工具_2103567391509794817.json
2103587240038457345,Krea2文生图加图推图，文生图反推提示词图生图多合一工作流,user_nfuvsp9p,2026-09-25T20:50:43.000+00:00,Krea2文生图加图推图，文生图反推提示词图生图多合一工作流_2103587240038457345.json
2103731317375594497,短剧拍档支持场景和角色V11.5(千问qwen image 2.1)一键生成全部资产人物+道具+场景,why_not_you（达人带货卡点换装转场女装工作流版）,2026-09-26T06:20:07.000+00:00,短剧拍档支持场景和角色V11.5(千问qwen image 2.1)一键生成全部资产人物+道具+场景_2103731317375594497.json
2103745897376079874,Qwen Image2.1文生图,你是风儿,2026-09-26T07:49:06.000+00:00,Qwen Image2.1文生图_2103745897376079874.json
2103816033600622593,Z-image turbo 文生图 - 图生图-图片反推生图,AI短剧创作,2026-09-26T12:13:46.000+00:00,Z-image turbo 文生图 - 图生图-图片反推生图_2103816033600622593.json
2103825737462673409,qwen3.8-27B反推图片提示词,AIGC炼丹师老苗,2026-09-26T14:04:48.000+00:00,qwen3.8-27B反推图片提示词_2103825737462673409.json
2103831107908227073,Z-image turbo 文生图 - 图生图-图片反推生图,牛哥玩ai,2026-09-26T13:08:18.000+00:00,Z-image turbo 文生图 - 图生图-图片反推生图_2103831107908227073.json
2103878768724107266,qwen2.1文生图,我不吃番茄,2026-09-27T06:34:58.000+00:00,qwen2.1文生图_2103878768724107266.json
2103938725637091330,Qwen Image 2.1图像编辑4步加速版，反推提示词图生图高效处理工具,user_axij8swo,2026-09-26T20:07:15.000+00:00,Qwen Image 2.1图像编辑4步加速版，反推提示词图生图高效处理工具_2103938725637091330.json
2103948614040113153,Qwen Image 2.1 文生图（2026开源最强模型 ）工作流V1.0,吴限宇宙AIGC,2026-10-04T15:43:05.000+00:00,Qwen Image 2.1 文生图（2026开源最强模型 ）工作流V1.0_2103948614040113153.json
2103948729811300354,Qwen Image 2.1 图生图 _ 图像编辑（2026开源最强模型）工作流V1.0,吴限宇宙AIGC,2026-10-04T20:05:30.000+00:00,Qwen Image 2.1 图生图 _ 图像编辑（2026开源最强模型）工作流V1.0_2103948729811300354.json
2104032262567321602,qwen3.8-27B反推图片提示词｜反推提示词神器 一句话还原图片描述,user_vr3fsuhe,2026-09-27T02:19:20.000+00:00,qwen3.8-27B反推图片提示词｜反推提示词神器 一句话还原图片描述_2104032262567321602.json
2104042748226654209,Z-image turbo文生图图生图｜图片反推生图 反推提示词一键复刻,user_mc9wgfnk,2026-09-27T03:01:12.000+00:00,Z-image turbo文生图图生图｜图片反推生图 反推提示词一键复刻_2104042748226654209.json
2104066068133277698,Z-image turbo图片反推生图｜文生图图生图 反推提示词还原神图,user_1kzcwi85,2026-09-27T04:33:50.000+00:00,Z-image turbo图片反推生图｜文生图图生图 反推提示词还原神图_2104066068133277698.json
2104195258191015938,最强反推提示词,user_w5furjgp,2026-09-27T13:16:57.000+00:00,最强反推提示词_2104195258191015938.json
2104271484683374593,Z-image turbo三合一 文生图图生图加图片反推提示词,user_548no0cy,2026-09-27T18:09:33.000+00:00,Z-image turbo三合一 文生图图生图加图片反推提示词_2104271484683374593.json
2104310974978285570,Z-image turbo出图三玩法 反推提示词文生图图生图全支持,user_z7wbzyae,2026-09-27T20:46:40.000+00:00,Z-image turbo出图三玩法 反推提示词文生图图生图全支持_2104310974978285570.json
2104336965058514946,PE提示词加持 Qwen Image 2.1文生图质量跃升,user_g9qrzhux,2026-09-27T22:29:36.000+00:00,PE提示词加持 Qwen Image 2.1文生图质量跃升_2104336965058514946.json
2104340100669857794,全自动提示词图像编辑 千问image2.1海报改图优化,user_g9qrzhux,2026-09-27T22:42:08.000+00:00,全自动提示词图像编辑 千问image2.1海报改图优化_2104340100669857794.json
2104341680827748353,短剧拍档V11.5 千问qwen image 2.1一键生成人物道具场景资产,user_g9qrzhux,2026-09-27T22:48:34.000+00:00,短剧拍档V11.5 千问qwen image 2.1一键生成人物道具场景资产_2104341680827748353.json
2104454950465138689,Qwen-Image-2.1 参考生图标准版,野生技能师,2026-09-28T06:38:47.000+00:00,Qwen-Image-2.1 参考生图标准版_2104454950465138689.json
2104464339951509506,krea2_参考图像洗图生成,机器喵,2026-09-28T07:03:02.000+00:00,krea2_参考图像洗图生成_2104464339951509506.json
2104508545722048514,最强反推提示词,user_w5furjgp,2026-09-28T13:25:52.000+00:00,最强反推提示词_2104508545722048514.json
2104509451624603649,Qwen Image 2.1图像编辑V1.0｜2026开源最强模型图生图工作流,user_vr3fsuhe,2026-09-28T09:55:57.000+00:00,Qwen Image 2.1图像编辑V1.0｜2026开源最强模型图生图工作流_2104509451624603649.json
2104512814172954625,Image2.5光影迁移重打光｜一键换光线换氛围光，画面光影重塑,user_mc9wgfnk,2026-09-28T10:09:00.000+00:00,Image2.5光影迁移重打光｜一键换光线换氛围光，画面光影重塑_2104512814172954625.json
2104514477067694082,Qwen Image 2.1文生图工作流V1.0｜2026开源最强模型高质量出图,user_mc9wgfnk,2026-09-28T10:15:43.000+00:00,Qwen Image 2.1文生图工作流V1.0｜2026开源最强模型高质量出图_2104514477067694082.json
2104522656451219457,Minimax_H3_Best_Fast极速版｜文生图反推图生图三合一高效出图,user_1kzcwi85,2026-09-28T10:47:59.000+00:00,Minimax_H3_Best_Fast极速版｜文生图反推图生图三合一高效出图_2104522656451219457.json
2104563522247151617,Qwen Image 2.1 Uncensor PE图像编辑提示词强化,T8star-Aix,2026-09-28T13:34:59.000+00:00,Qwen Image 2.1 Uncensor PE图像编辑提示词强化_2104563522247151617.json
2104570933620076545,qwen2.1文生图｜反推提示词加图生图，套图素材批量产出,user_ru5gv6dl,2026-09-28T13:59:30.000+00:00,qwen2.1文生图｜反推提示词加图生图，套图素材批量产出_2104570933620076545.json
2104649076645130241,Confucius4-R2T2语音转录,T8star-Aix,2026-09-29T03:36:41.000+00:00,Confucius4-R2T2语音转录_2104649076645130241.json
2104680372096294914,Minimax H3 Best Fast 极速高质量视频生成,user_laa7a17u,2026-09-28T21:14:21.000+00:00,Minimax H3 Best Fast 极速高质量视频生成_2104680372096294914.json
2104814989918953474,产品专用无损放大｜反推提示词图生图｜商品细节放大不糊,user_3bvekzzi,2026-09-29T06:09:37.000+00:00,产品专用无损放大｜反推提示词图生图｜商品细节放大不糊_2104814989918953474.json
2104868396172140545,qwen3.8-27B反推图片提示词,无敌LOL大王,2026-09-29T09:43:53.000+00:00,qwen3.8-27B反推图片提示词_2104868396172140545.json
2104910050916651010,一键自动生成 MiniMax -导演台-自动提示词,DesignMax,2026-09-29T14:35:58.000+00:00,一键自动生成 MiniMax -导演台-自动提示词_2104910050916651010.json
2104996402978975745,通用放大终版改变较大 图片分辨率提升方案,user_px4tclou,2026-09-29T18:10:19.000+00:00,通用放大终版改变较大 图片分辨率提升方案_2104996402978975745.json
2105030116769353730,Qwen Image 2.1参考生图标准版 参考图输入高质量出图,user_4emf0stg,2026-09-29T20:24:18.000+00:00,Qwen Image 2.1参考生图标准版 参考图输入高质量出图_2105030116769353730.json
2105125909257871362,自用版  Qwen Image 2.1文生图+图像编辑 二合一高清放大工作流V2.0,AI 蛮子,2026-09-30T02:48:18.000+00:00,自用版  Qwen Image 2.1文生图+图像编辑 二合一高清放大工作流V2.0_2105125909257871362.json
2105131515473649665,krea2参考图像洗图生成 参考图优化高质量出图,user_mrnmetpx,2026-09-30T03:07:06.000+00:00,krea2参考图像洗图生成 参考图优化高质量出图_2105131515473649665.json
2105139266958487554,H3官流（终极版）,东哥说AI,2026-09-30T04:41:58.000+00:00,H3官流（终极版）_2105139266958487554.json
2105143285072351234,设计编辑工作流 图片设计修改优化一站搞定,user_laa7a17u,2026-09-30T03:54:02.000+00:00,设计编辑工作流 图片设计修改优化一站搞定_2105143285072351234.json
2105221614995591169,视频图像反推工作流,Luna,2026-09-30T09:21:41.000+00:00,视频图像反推工作流_2105221614995591169.json
2105234009440739329,自用版   Minimax H3 数字人、MV音频参考生视频二采高清放大工作流 ,AI 蛮子,2026-09-30T09:53:17.000+00:00,自用版   Minimax H3 数字人、MV音频参考生视频二采高清放大工作流_2105234009440739329.json
2105315513315450881,Qwen Image 2.1 文生、图像编辑一体化,予梦-Ai,2026-09-30T16:07:24.000+00:00,Qwen Image 2.1 文生、图像编辑一体化_2105315513315450881.json
2105396924613488642,Qwen Image 2.1文生图像编辑一体化 二合一工作流,user_nfuvsp9p,2026-09-30T20:41:40.000+00:00,Qwen Image 2.1文生图像编辑一体化 二合一工作流_2105396924613488642.json
2105563617381937153,视频图像反推工作流｜反推提示词风格迁移 视频风格转换利器,user_ru5gv6dl,2026-10-01T07:43:56.000+00:00,视频图像反推工作流｜反推提示词风格迁移 视频风格转换利器_2105563617381937153.json
2105647237308174337,Qwen-image2.1 文生图+VOSR2放大,迅风幻影AI Hub,2026-10-01T17:21:33.000+00:00,Qwen-image2.1 文生图+VOSR2放大_2105647237308174337.json
2105775693199142913,Krea2参考图像洗图生成参考图优化高质量出图，图生图工具,user_kfnndg10,2026-10-01T21:46:49.000+00:00,Krea2参考图像洗图生成参考图优化高质量出图，图生图工具_2105775693199142913.json
2105783383883345922,小说剧本转标准JSON预处理搭配全栈式短剧生成V4.2.1使用工具,user_cuiy5vzq,2026-10-01T22:17:21.000+00:00,小说剧本转标准JSON预处理搭配全栈式短剧生成V4.2.1使用工具_2105783383883345922.json
2105789328726257666,Qwen Image 2.1文生图像编辑一体化，文生图反推提示词图生图方案,user_cuiy5vzq,2026-10-01T22:41:00.000+00:00,Qwen Image 2.1文生图像编辑一体化，文生图反推提示词图生图方案_2105789328726257666.json
2105922119401041922,提示词反推工作流合集,无敌LOL大王,2026-10-02T07:38:24.000+00:00,提示词反推工作流合集_2105922119401041922.json
2105925478866575362,基础超分算法（模型放大）工作流（自用）,无敌LOL大王,2026-10-02T07:42:01.000+00:00,基础超分算法（模型放大）工作流（自用）_2105925478866575362.json
2105981670468972546,qwen 2.1小岚整合版,小岚,2026-10-02T12:54:05.000+00:00,qwen 2.1小岚整合版_2105981670468972546.json
2106067768159326209,Qwen Image 2.1图生图图像编辑工作流，2026开源最强模型多场景覆盖方案,user_afqblldl,2026-10-02T17:07:31.000+00:00,Qwen Image 2.1图生图图像编辑工作流，2026开源最强模型多场景覆盖方案_2106067768159326209.json
2106070948993654785,Qwen3反推Krea2洗图重绘去除AI感加SeedVR放大，图生图高清修复方案,user_afqblldl,2026-10-02T17:20:15.000+00:00,Qwen3反推Krea2洗图重绘去除AI感加SeedVR放大，图生图高清修复方案_2106070948993654785.json
2106208856383778817,qwen2.1小岚整合版｜文生图反推提示词图生图三合一全套,user_mc9wgfnk,2026-10-03T02:28:05.000+00:00,qwen2.1小岚整合版｜文生图反推提示词图生图三合一全套_2106208856383778817.json
2106231696759812097,Krea2三采修复控制模型参考int8｜拒绝Turbo脸三高清自选,user_1kzcwi85,2026-10-03T03:59:13.000+00:00,Krea2三采修复控制模型参考int8｜拒绝Turbo脸三高清自选_2106231696759812097.json
2106391913095061506,全自动电商出详情只提示,user_fryinthu,2026-10-04T05:50:35.000+00:00,全自动电商出详情只提示_2106391913095061506.json
2106409021661077505,Qwen Image 2.1文生图像编辑一体化，文生图反推提示词图生图方案,予梦-Ai,2026-10-03T16:00:10.000+00:00,Qwen Image 2.1文生图像编辑一体化，文生图反推提示词图生图方案_2106409021661077505.json
2106441085731037185,Qwen2.1整合版工作流，加入常用LoRA美化界面文生图图生图方案,user_548no0cy,2026-10-03T17:51:05.000+00:00,Qwen2.1整合版工作流，加入常用LoRA美化界面文生图图生图方案_2106441085731037185.json
2106448759000489986,Krea2三采修复加控制模型参考拒绝Turbo脸三高清自选，文生图图生图方案,user_548no0cy,2026-10-03T18:21:31.000+00:00,Krea2三采修复加控制模型参考拒绝Turbo脸三高清自选，文生图图生图方案_2106448759000489986.json
2106471030431772674,Qwen Image 2.1文生图像编辑一体化工作流，自动扩写提示词多场景覆盖,user_cbviaeo5,2026-10-03T19:49:50.000+00:00,Qwen Image 2.1文生图像编辑一体化工作流，自动扩写提示词多场景覆盖_2106471030431772674.json
2106523033115643905,提示词反推工作流合集，反推提示词多场景覆盖工具,user_bqpxeobf,2026-10-03T23:16:09.000+00:00,提示词反推工作流合集，反推提示词多场景覆盖工具_2106523033115643905.json
2106556743441534977,FLUX图生图+提示词反推+latent放大,雪原星河,2026-10-04T01:41:00.000+00:00,FLUX图生图+提示词反推+latent放大_2106556743441534977.json
2106650378539458562,MiniMax H3超灵活的导演台，SelfLift双采、无缝无色差超长视频 (2.0),惊尘丶573,2026-10-05T04:47:24.000+00:00,MiniMax H3超灵活的导演台，SelfLift双采、无缝无色差超长视频 (2.0)_2106650378539458562.json
2106693127930212353,H3单采,Ai打工人,2026-10-04T10:48:32.000+00:00,H3单采_2106693127930212353.json
2106814779062054913,MinimaxH3 文生图、图生图、图像编辑三合一工作流（ByCC菜）,CC菜,2026-10-04T21:17:13.000+00:00,MinimaxH3 文生图、图生图、图像编辑三合一工作流（ByCC菜）_2106814779062054913.json
2106890611747020802,Qwen Image 2.1文生图像编辑一体化，文生图反推提示词图生图方案,user_g9qrzhux,2026-10-04T23:37:07.000+00:00,Qwen Image 2.1文生图像编辑一体化，文生图反推提示词图生图方案_2106890611747020802.json
2106917950035947522,开源最强模型Qwen Image 2.1文生图工作流V1.0｜文生图反推一应俱全,user_vr3fsuhe,2026-10-05T01:25:53.000+00:00,开源最强模型Qwen Image 2.1文生图工作流V1.0｜文生图反推一应俱全_2106917950035947522.json
2106964960260739074,H3单采工作流｜反推提示词图生图快速上手版,user_1kzcwi85,2026-10-05T04:32:30.000+00:00,H3单采工作流｜反推提示词图生图快速上手版_2106964960260739074.json
2106984431608225793,局部重绘+参考图生图超逼真超写实没有AI味道改图,🎯天下无腰,2026-10-05T06:44:20.000+00:00,局部重绘+参考图生图超逼真超写实没有AI味道改图_2106984431608225793.json
2107006999824265217,全自动电商详情页生成｜反推提示词一键出文案,user_ru5gv6dl,2026-10-05T07:19:13.000+00:00,全自动电商详情页生成｜反推提示词一键出文案_2107006999824265217.json
2107156037143982082,Qwen Image 2.1图生图图像编辑2026开源最强模型工作流，文生图图生图方案,user_cimdlm7n,2026-10-05T17:11:57.000+00:00,Qwen Image 2.1图生图图像编辑2026开源最强模型工作流，文生图图生图方案_2107156037143982082.json
2107157719223455746,Qwen Image 2.1文生图2026开源最强模型工作流，高质量文本到图像生成方案,user_cimdlm7n,2026-10-05T17:18:27.000+00:00,Qwen Image 2.1文生图2026开源最强模型工作流，高质量文本到图像生成方案_2107157719223455746.json
2107220435418042370,MiniMax H3文生图图生图图像编辑三合一工作流，文生图图生图处理方案,user_jlnops7l,2026-10-05T21:27:49.000+00:00,MiniMax H3文生图图生图图像编辑三合一工作流，文生图图生图处理方案_2107220435418042370.json
2107241699616575490,H3单采工作流兼顾效果和速度，文生图反推提示词图生图处理方案,user_vsrk1juo,2026-10-05T22:52:10.000+00:00,H3单采工作流兼顾效果和速度，文生图反推提示词图生图处理方案_2107241699616575490.json
2107252613136867330,全自动电商出详情只提示工作流，反推提示词电商详情生成工具,user_29oeyacz,2026-10-05T23:35:13.000+00:00,全自动电商出详情只提示工作流，反推提示词电商详情生成工具_2107252613136867330.json
2107365074129211393,MiniMax H3超灵活导演台2.0｜SelfLift双采无缝无色差超长视频,user_ru5gv6dl,2026-10-06T07:02:52.000+00:00,MiniMax H3超灵活导演台2.0｜SelfLift双采无缝无色差超长视频_2107365074129211393.json
2107367744923594753,文生视频分镜脚本（自动）QWEN3.8,凯瑞,2026-10-06T07:21:00.000+00:00,文生视频分镜脚本（自动）QWEN3.8_2107367744923594753.json
2107381634784911361,反推视频分镜脚本,凯瑞,2026-10-06T09:00:47.000+00:00,反推视频分镜脚本_2107381634784911361.json
2107404573160853506,反推视频提示词-2,凯瑞,2026-10-06T10:06:15.000+00:00,反推视频提示词-2_2107404573160853506.json
